<?xml version="1.0" encoding="UTF-8" ?>
<module>
    <name>rbkmoney_payment</name>
    <displayName><![CDATA[Платежная система RBKmoney]]></displayName>
    <version><![CDATA[1.0.0]]></version>
    <description><![CDATA[Прием платежей через платежную систему RBKmoney]]></description>
    <author><![CDATA[RBKmoney]]></author>
    <tab><![CDATA[payments_gateways]]></tab>
	<confirmUninstall><![CDATA[Вы действительно хотите удалить?]]></confirmUninstall>
    <is_configurable>1</is_configurable>
    <need_instance>1</need_instance>
	<limited_countries></limited_countries>
</module>
